CandID,sex,educ_momed,educ_parent,educ_momed_n,family_n_sibs,family_n_parents,family_size,income_bin,income_mean,income_inr
716498,Female,college,biological_mother,16,0,2,3,25_35k,30000,1.46
387247,Male,grad,biological_mother,20,1,2,4,50_75k,62500,2.41
223008,Male,grad,biological_mother,20,1,2,4,50_75k,62500,2.41
951984,Male,college,biological_mother,16,2,2,5,50_75k,62500,2.05
662338,Female,some_grad,biological_mother,18,1,2,4,50_75k,62500,2.41
987008,Male,college,biological_mother,16,1,2,4,100_150k,125000,4.82
455675,Male,college,biological_mother,16,0,2,3,100_150k,125000,6.07
534927,Female,grad,biological_mother,20,1,2,4,35_50k,42500,1.64
272097,Female,college,biological_mother,16,1,2,4,100_150k,125000,4.82
890518,Female,grad,biological_mother,20,1,2,4,75_100k,87500,3.37
888211,Male,some_college,biological_mother,14,0,2,3,50_75k,62500,3.04
243511,Female,grad,biological_mother,20,1,2,4,100_150k,125000,4.82
986114,Male,college,biological_mother,16,2,2,5,50_75k,62500,2.05
810675,Male,some_grad,biological_mother,18,0,2,3,75_100k,87500,4.25
334324,Male,some_grad,biological_mother,18,2,2,5,over_200k,250000,8.19
425428,Female,college,biological_mother,16,0,2,3,50_75k,62500,3.04
758451,Male,not_answered,biological_mother,NA,1,2,4,35_50k,42500,1.64
760812,Male,college,biological_mother,16,0,2,3,75_100k,87500,4.25
222881,Female,grad,biological_mother,20,2,2,5,100_150k,125000,4.1
262208,Male,grad,biological_mother,20,1,2,4,100_150k,125000,4.82
794626,Female,not_answered,biological_mother,NA,0,2,3,75_100k,87500,4.25
229768,Female,college,biological_mother,16,0,2,3,100_150k,125000,6.07
138813,Male,college,biological_mother,16,2,2,5,100_150k,125000,4.1
850013,Female,college,biological_mother,16,2,2,5,75_100k,87500,2.87
738379,Male,grad,biological_mother,20,0,2,3,100_150k,125000,6.07
995663,Female,grad,biological_mother,20,0,2,3,150_200k,175000,8.5
505926,Male,grad,biological_mother,20,1,2,4,over_200k,250000,9.64
277762,Male,grad,biological_mother,20,0,2,3,100_150k,125000,6.07
505499,Female,college,biological_mother,16,0,2,3,150_200k,175000,8.5
131015,Male,grad,biological_mother,20,0,2,3,75_100k,87500,4.25
116845,Female,college,biological_mother,16,1,2,4,75_100k,87500,3.37
927564,Female,grad,biological_mother,20,1,2,4,100_150k,125000,4.82
423548,Male,grad,biological_mother,20,0,2,3,150_200k,175000,8.5
447077,Male,grad,biological_mother,20,1,2,4,50_75k,62500,2.41
518969,Female,some_grad,biological_mother,18,1,2,4,25_35k,30000,1.16
320544,Male,grad,biological_mother,20,0,2,3,75_100k,87500,4.25
514306,Male,college,biological_mother,16,1,2,4,50_75k,62500,2.41
932286,Female,some_college,biological_mother,14,0,2,3,100_150k,125000,6.07
761247,Female,some_high,biological_mother,10,0,2,3,0_25k,12500,0.607
125632,Male,college,biological_mother,16,0,2,3,150_200k,175000,8.5
786266,Female,grad,biological_mother,20,1,2,4,150_200k,175000,6.75
794032,Male,college,biological_mother,16,0,2,3,75_100k,87500,4.25
960370,Male,grad,biological_mother,20,0,2,3,100_150k,125000,6.07
859613,Male,college,biological_mother,16,0,2,3,35_50k,42500,2.07
755330,Female,grad,biological_mother,20,1,2,4,75_100k,87500,3.37
801091,Female,college,biological_mother,16,2,2,5,75_100k,87500,2.87
231205,Male,some_grad,biological_mother,18,1,2,4,50_75k,62500,2.41
597306,Female,grad,biological_mother,20,1,2,4,75_100k,87500,3.37
176427,Female,grad,biological_mother,20,1,2,4,75_100k,87500,3.37
557806,Female,grad,biological_mother,20,0,2,3,100_150k,125000,6.07
277066,Female,some_college,biological_mother,14,0,2,3,50_75k,62500,3.04
960432,Female,college,biological_mother,16,1,2,4,100_150k,125000,4.82
805063,Male,college,biological_mother,16,1,2,4,75_100k,87500,3.37
621289,Female,college,biological_mother,16,2,2,5,150_200k,175000,5.74
470431,Female,college,biological_mother,16,2,2,5,100_150k,125000,4.1
812574,Male,some_grad,biological_mother,18,0,2,3,50_75k,62500,3.04
116056,Male,grad,biological_mother,20,0,2,3,75_100k,87500,4.25
683099,Female,college,biological_mother,16,0,2,3,75_100k,87500,4.25
883901,Female,grad,biological_mother,20,1,2,4,150_200k,175000,6.75
838827,Male,some_college,biological_mother,14,0,2,3,75_100k,87500,4.25
406768,Female,grad,biological_mother,20,0,2,3,100_150k,125000,6.07
787525,Male,grad,biological_mother,20,1,2,4,100_150k,125000,4.82
940808,Female,grad,biological_mother,20,1,2,4,over_200k,250000,9.64
939785,Female,grad,biological_mother,20,0,2,3,150_200k,175000,8.5
752770,Male,grad,biological_mother,20,0,2,3,50_75k,62500,3.04
826398,Male,grad,biological_mother,20,0,2,3,100_150k,125000,6.07
544404,Male,some_college,biological_mother,14,1,2,4,100_150k,125000,4.82
879509,Female,grad,biological_mother,20,0,2,3,over_200k,250000,12.1
978698,Female,some_college,biological_mother,14,0,2,3,50_75k,62500,3.04
295081,Female,grad,biological_mother,20,1,2,4,100_150k,125000,4.82
878949,Male,college,biological_mother,16,0,2,3,50_75k,62500,3.04
376673,Female,college,biological_mother,16,2,2,5,35_50k,42500,1.39
704148,Female,grad,biological_mother,20,2,2,5,100_150k,125000,4.1
824479,Female,grad,biological_mother,20,1,2,4,150_200k,175000,6.75
200919,Male,grad,biological_mother,20,0,2,3,over_200k,250000,12.1
469900,Male,grad,biological_mother,20,1,2,4,150_200k,175000,6.75
645257,Female,college,biological_mother,16,1,2,4,25_35k,30000,1.16
816406,Male,some_college,biological_mother,14,1,2,4,25_35k,30000,1.16
401592,Male,grad,biological_mother,20,1,2,4,over_200k,250000,9.64
198202,Male,some_college,biological_mother,14,1,2,4,35_50k,42500,1.64
284149,Female,grad,biological_mother,20,0,2,3,150_200k,175000,8.5
851956,Male,grad,biological_mother,20,1,2,4,50_75k,62500,2.41
147207,Male,grad,biological_mother,20,0,2,3,75_100k,87500,4.25
302746,Male,grad,biological_mother,20,2,2,5,100_150k,125000,4.1
115072,Male,college,biological_mother,16,3,2,6,over_200k,250000,7.32
709477,Female,grad,biological_mother,20,2,2,5,over_200k,250000,8.19
633038,Male,college,biological_mother,16,2,2,5,50_75k,62500,2.05
705639,Male,grad,biological_mother,20,0,2,3,over_200k,250000,12.1
993015,Female,grad,biological_mother,20,1,2,4,75_100k,87500,3.37
981854,Male,grad,biological_mother,20,0,2,3,50_75k,62500,3.04
552990,Female,grad,biological_mother,20,1,2,4,75_100k,87500,3.37
198549,Male,grad,biological_mother,20,1,2,4,100_150k,125000,4.82
726893,Female,grad,biological_mother,20,1,2,4,75_100k,87500,3.37
282791,Male,college,biological_mother,16,1,2,4,50_75k,62500,2.41
381606,Male,some_grad,biological_mother,18,0,2,3,50_75k,62500,3.04
469090,Male,college,biological_mother,16,0,2,3,over_200k,250000,12.1
675362,Male,grad,biological_mother,20,1,2,4,over_200k,250000,9.64
584381,Female,grad,biological_mother,20,0,2,3,150_200k,175000,8.5
266437,Female,grad,biological_mother,20,1,2,4,100_150k,125000,4.82
661045,Male,grad,biological_mother,20,0,2,3,75_100k,87500,4.25
270471,Female,grad,biological_mother,20,0,2,3,100_150k,125000,6.07
761141,Male,college,biological_mother,16,2,2,5,50_75k,62500,2.05
601017,Male,some_grad,biological_mother,18,3,2,6,100_150k,125000,3.66
981664,Male,grad,biological_mother,20,2,2,5,150_200k,175000,5.74
684448,Female,grad,biological_mother,20,1,2,4,100_150k,125000,4.82
234130,Female,grad,biological_mother,20,3,2,6,50_75k,62500,1.83
676274,Male,grad,biological_mother,20,0,2,3,100_150k,125000,6.07
176851,Male,grad,biological_mother,20,0,2,3,100_150k,125000,6.07
590275,Female,college,biological_mother,16,1,2,4,100_150k,125000,4.82
933910,Female,grad,biological_mother,20,1,2,4,over_200k,250000,9.64
519250,Male,college,biological_mother,16,1,2,4,150_200k,175000,6.75
826360,Male,grad,biological_mother,20,0,2,3,50_75k,62500,3.04
908191,Male,some_college,biological_mother,14,1,2,4,50_75k,62500,2.41
583494,Male,grad,biological_mother,20,2,2,5,150_200k,175000,5.74
495082,Female,college,biological_mother,16,0,2,3,150_200k,175000,8.5
107842,Female,some_college,biological_mother,14,2,2,5,75_100k,87500,2.87
904006,Female,grad,biological_mother,20,0,2,3,100_150k,125000,6.07
740317,Male,grad,biological_mother,20,1,2,4,100_150k,125000,4.82
199865,Male,grad,biological_mother,20,1,2,4,75_100k,87500,3.37
522586,Male,grad,biological_mother,20,1,2,4,over_200k,250000,9.64
477045,Male,grad,biological_mother,20,0,2,3,100_150k,125000,6.07
204659,Female,grad,biological_mother,20,0,2,3,50_75k,62500,3.04
439999,Female,college,biological_mother,16,1,2,4,100_150k,125000,4.82
637299,Male,some_college,biological_mother,14,0,2,3,150_200k,175000,8.5
629130,Female,college,biological_mother,16,1,2,4,100_150k,125000,4.82
627391,Female,grad,biological_mother,20,1,2,4,100_150k,125000,4.82
372377,Male,college,biological_mother,16,0,2,3,50_75k,62500,3.04
938316,Female,college,biological_mother,16,0,2,3,100_150k,125000,6.07
439083,Female,some_grad,biological_mother,18,0,2,3,50_75k,62500,3.04
830201,Male,grad,biological_mother,20,0,2,3,100_150k,125000,6.07
798610,Male,college,biological_mother,16,1,2,4,75_100k,87500,3.37
722612,Female,college,biological_mother,16,0,2,3,100_150k,125000,6.07
353374,Female,college,biological_mother,16,2,2,5,50_75k,62500,2.05
469822,Male,college,biological_mother,16,0,2,3,50_75k,62500,3.04
617942,Female,college,biological_mother,16,0,2,3,150_200k,175000,8.5
309615,Male,some_grad,biological_mother,18,0,2,3,100_150k,125000,6.07
317415,Male,college,biological_mother,16,1,2,4,150_200k,175000,6.75
124529,Male,college,biological_mother,16,0,2,3,100_150k,125000,6.07
706655,Female,grad,biological_mother,20,0,2,3,100_150k,125000,6.07
863856,Female,grad,biological_mother,20,0,2,3,100_150k,125000,6.07
380510,Female,grad,biological_mother,20,0,2,3,150_200k,175000,8.5
683462,Male,grad,biological_mother,20,1,2,4,over_200k,250000,9.64
672698,Male,grad,biological_mother,20,1,2,4,50_75k,62500,2.41
710922,Male,grad,biological_mother,20,1,2,4,100_150k,125000,4.82
185373,Male,grad,biological_mother,20,0,2,3,150_200k,175000,8.5
947206,Male,college,biological_mother,16,0,2,3,75_100k,87500,4.25
865762,Male,college,biological_mother,16,2,2,5,over_200k,250000,8.19
706050,Male,grad,biological_mother,20,0,2,3,over_200k,250000,12.1
887679,Male,grad,biological_mother,20,0,2,3,50_75k,62500,3.04
866461,Male,college,biological_mother,16,0,2,3,25_35k,30000,1.46
682023,Female,grad,biological_mother,20,1,2,4,75_100k,87500,3.37
439037,Male,grad,biological_mother,20,0,2,3,over_200k,250000,12.1
375518,Female,grad,biological_mother,20,1,2,4,50_75k,62500,2.41
884382,Male,grad,biological_mother,20,0,2,3,over_200k,250000,12.1
635515,Female,grad,biological_mother,20,0,2,3,100_150k,125000,6.07
261266,Male,college,biological_mother,16,0,2,3,100_150k,125000,6.07
985303,Male,college,biological_mother,16,2,2,5,50_75k,62500,2.05
240615,Female,college,biological_mother,16,1,2,4,25_35k,30000,1.16
907184,Male,college,biological_mother,16,2,2,5,50_75k,62500,2.05
288291,Female,some_grad,biological_mother,18,0,2,3,50_75k,62500,3.04
522061,Female,grad,biological_mother,20,1,2,4,75_100k,87500,3.37
318747,Male,grad,biological_mother,20,2,2,5,over_200k,250000,8.19
458050,Male,college,biological_mother,16,1,2,4,150_200k,175000,6.75
939043,Male,college,biological_mother,16,2,2,5,100_150k,125000,4.1
943541,Male,some_grad,biological_mother,18,2,2,5,100_150k,125000,4.1
671741,Female,grad,biological_mother,20,0,2,3,over_200k,250000,12.1
410729,Female,some_high,biological_mother,10,0,2,3,0_25k,12500,0.607
616356,Male,college,biological_mother,16,1,2,4,over_200k,250000,9.64
914176,Female,college,biological_mother,16,0,2,3,150_200k,175000,8.5
764612,Female,college,biological_mother,16,1,2,4,150_200k,175000,6.75
474330,Male,some_grad,biological_mother,18,1,2,4,35_50k,42500,1.64
295330,Male,grad,biological_mother,20,1,2,4,150_200k,175000,6.75
536876,Female,grad,biological_mother,20,0,2,3,150_200k,175000,8.5
747645,Female,some_college,biological_mother,14,3,2,6,50_75k,62500,1.83
657158,Female,college,biological_mother,16,2,2,5,50_75k,62500,2.05
945323,Female,college,biological_mother,16,2,2,5,35_50k,42500,1.39
569511,Female,college,biological_mother,16,2,2,5,75_100k,87500,2.87
318409,Female,college,biological_mother,16,0,2,3,150_200k,175000,8.5
780046,Male,grad,biological_mother,20,1,2,4,over_200k,250000,9.64
513010,Male,college,biological_mother,16,1,2,4,75_100k,87500,3.37
736609,Male,some_grad,biological_mother,18,1,2,4,100_150k,125000,4.82
427732,Male,grad,biological_mother,20,0,2,3,100_150k,125000,6.07
251549,Female,grad,biological_mother,20,0,2,3,100_150k,125000,6.07
640680,Male,grad,biological_mother,20,2,2,5,75_100k,87500,2.87
298032,Female,grad,biological_mother,20,2,2,5,150_200k,175000,5.74
209364,Male,grad,biological_mother,20,0,2,3,75_100k,87500,4.25
476291,Male,college,biological_mother,16,1,2,4,150_200k,175000,6.75
861367,Female,college,biological_mother,16,2,2,5,100_150k,125000,4.1
100619,Female,high,biological_mother,12,0,2,3,75_100k,87500,4.25
680534,Male,grad,biological_mother,20,1,2,4,100_150k,125000,4.82
714783,Female,college,biological_mother,16,1,2,4,75_100k,87500,3.37
759162,Male,grad,biological_mother,20,1,2,4,100_150k,125000,4.82
351080,Female,college,biological_mother,16,1,2,4,75_100k,87500,3.37
999947,Female,college,biological_mother,16,0,2,3,150_200k,175000,8.5
402408,Female,grad,biological_mother,20,2,2,5,150_200k,175000,5.74
826321,Male,grad,biological_mother,20,1,2,4,100_150k,125000,4.82
973707,Female,grad,biological_mother,20,2,2,5,150_200k,175000,5.74
456442,Male,college,biological_mother,16,1,2,4,50_75k,62500,2.41
247621,Female,some_college,biological_mother,14,4,2,7,50_75k,62500,1.63
648669,Male,college,biological_mother,16,0,2,3,75_100k,87500,4.25
387450,Female,some_grad,biological_mother,18,0,2,3,50_75k,62500,3.04
264876,Female,high,biological_mother,12,1,2,4,50_75k,62500,2.41
857459,Female,some_college,biological_mother,14,1,2,4,100_150k,125000,4.82
649494,Male,grad,biological_mother,20,0,2,3,75_100k,87500,4.25
871514,Female,grad,biological_mother,20,2,2,5,50_75k,62500,2.05
236452,Male,grad,biological_mother,20,1,2,4,100_150k,125000,4.82
710741,Female,some_college,biological_mother,14,2,2,5,100_150k,125000,4.1
102606,Male,grad,biological_mother,20,1,2,4,50_75k,62500,2.41
907729,Female,grad,biological_mother,20,0,2,3,50_75k,62500,3.04
380056,Male,college,biological_mother,16,1,2,4,100_150k,125000,4.82
611881,Male,college,biological_mother,16,0,2,3,100_150k,125000,6.07
506394,Male,college,biological_mother,16,1,2,4,75_100k,87500,3.37
470437,Female,college,biological_mother,16,0,2,3,100_150k,125000,6.07
477275,Male,grad,biological_mother,20,1,2,4,over_200k,250000,9.64
839327,Male,college,biological_mother,16,0,2,3,50_75k,62500,3.04
800807,Female,college,biological_mother,16,0,2,3,75_100k,87500,4.25
799959,Male,not_answered,biological_mother,NA,0,2,3,150_200k,175000,8.5
779253,Female,college,biological_mother,16,1,2,4,150_200k,175000,6.75
551055,Female,college,biological_mother,16,2,2,5,35_50k,42500,1.39
186133,Female,grad,biological_mother,20,0,2,3,over_200k,250000,12.1
936900,Female,college,biological_mother,16,2,2,5,75_100k,87500,2.87
354046,Male,grad,biological_mother,20,1,2,4,75_100k,87500,3.37
994816,Male,college,biological_mother,16,2,2,5,75_100k,87500,2.87
437532,Female,college,biological_mother,16,1,2,4,150_200k,175000,6.75
232633,Male,some_college,biological_mother,14,1,2,4,50_75k,62500,2.41
568614,Female,grad,biological_mother,20,0,2,3,100_150k,125000,6.07
402461,Female,grad,biological_mother,20,0,2,3,100_150k,125000,6.07
775707,Male,college,biological_mother,16,0,2,3,75_100k,87500,4.25
232418,Female,some_college,biological_mother,14,0,2,3,over_200k,250000,12.1
742127,Male,college,biological_mother,16,0,2,3,75_100k,87500,4.25
210587,Male,college,biological_mother,16,0,2,3,35_50k,42500,2.07
180169,Male,grad,biological_mother,20,0,2,3,100_150k,125000,6.07
916411,Female,some_grad,biological_mother,18,0,2,3,50_75k,62500,3.04
635063,Female,college,biological_mother,16,1,2,4,100_150k,125000,4.82
112902,Female,college,biological_mother,16,1,2,4,75_100k,87500,3.37
315519,Male,college,biological_mother,16,2,2,5,100_150k,125000,4.1
992672,Female,college,biological_mother,16,3,2,6,100_150k,125000,3.66
526810,Female,NA,NA,NA,0,1,2,25_35k,30000,1.7
537180,Female,college,biological_father,16,2,2,5,150_200k,175000,5.74
767612,Female,some_grad,biological_mother,18,1,2,4,50_75k,62500,2.41
292029,Female,grad,biological_mother,20,0,2,3,75_100k,87500,4.25
861050,Female,some_college,biological_mother,14,2,2,5,100_150k,125000,4.1
206192,Female,college,biological_mother,16,1,2,4,0_25k,12500,0.482
817184,Male,grad,biological_mother,20,1,2,4,100_150k,125000,4.82
503722,Male,college,biological_mother,16,2,2,5,over_200k,250000,8.19
710562,Female,grad,biological_mother,20,1,2,4,over_200k,250000,9.64
832453,Female,college,biological_mother,16,1,2,4,100_150k,125000,4.82
778750,Female,college,biological_mother,16,0,2,3,50_75k,62500,3.04
774769,Female,grad,biological_mother,20,1,2,4,over_200k,250000,9.64
700095,Female,some_grad,biological_mother,18,1,2,4,100_150k,125000,4.82
736284,Male,grad,biological_mother,20,1,2,4,100_150k,125000,4.82
393942,Male,college,biological_mother,16,0,2,3,100_150k,125000,6.07
368252,Female,college,biological_mother,16,0,2,3,over_200k,250000,12.1
720201,Male,college,biological_mother,16,1,2,4,0_25k,12500,0.482
846999,Female,college,biological_mother,16,2,2,5,75_100k,87500,2.87
490683,Female,college,biological_mother,16,0,2,3,100_150k,125000,6.07
189122,Male,grad,biological_mother,20,0,2,3,75_100k,87500,4.25
913680,Male,college,biological_mother,16,1,2,4,0_25k,12500,0.482
170216,Male,grad,biological_mother,20,2,2,5,100_150k,125000,4.1
918271,Male,college,biological_mother,16,3,2,6,150_200k,175000,5.12
122952,Female,grad,biological_mother,20,2,2,5,75_100k,87500,2.87
635988,Female,grad,biological_mother,20,2,2,5,75_100k,87500,2.87
466947,Female,college,biological_mother,16,2,2,5,100_150k,125000,4.1
576995,Male,college,biological_mother,16,2,2,5,50_75k,62500,2.05
376886,Male,grad,biological_mother,20,1,2,4,75_100k,87500,3.37
844357,Male,grad,biological_mother,20,3,2,6,100_150k,125000,3.66
510636,Female,grad,biological_mother,20,1,2,4,over_200k,250000,9.64
863589,Female,some_grad,biological_mother,18,2,2,5,100_150k,125000,4.1
445153,Female,grad,biological_mother,20,2,2,5,over_200k,250000,8.19
123264,Male,grad,biological_mother,20,2,2,5,over_200k,250000,8.19
986700,Male,NA,NA,NA,NA,NA,NA,NA,NA,NA
354307,Male,grad,biological_mother,20,0,2,3,150_200k,175000,8.5
111521,Female,college,biological_mother,16,1,2,4,50_75k,62500,2.41
218663,Female,grad,biological_mother,20,0,2,3,100_150k,125000,6.07
406663,Female,grad,biological_mother,20,1,2,4,100_150k,125000,4.82
648807,Male,some_college,biological_mother,14,5,2,8,100_150k,125000,2.97
493610,Male,college,biological_mother,16,1,2,4,over_200k,250000,9.64
456907,Female,some_college,biological_mother,14,2,2,5,75_100k,87500,2.87
294064,Female,some_college,biological_mother,14,1,2,4,NA,NA,NA
132476,Male,some_college,biological_mother,14,1,2,4,50_75k,62500,2.41
107008,Female,grad,biological_mother,20,0,2,3,150_200k,175000,8.5
157075,Male,high,biological_mother,12,2,2,5,0_25k,12500,0.41
17541,Female,grad,biological_mother,20,1,2,4,100_150k,125000,4.82
388560,Female,grad,biological_mother,20,0,2,3,over_200k,250000,12.1
865900,Female,grad,biological_mother,20,0,2,3,150_200k,175000,8.5
758603,Female,grad,biological_mother,20,1,2,4,over_200k,250000,9.64
683402,Female,grad,biological_mother,20,0,2,3,100_150k,125000,6.07
494244,Female,college,biological_mother,16,0,2,3,150_200k,175000,8.5
675674,Female,grad,biological_mother,20,0,2,3,100_150k,125000,6.07
385434,Female,college,biological_mother,16,0,2,3,100_150k,125000,6.07
530066,Female,grad,biological_mother,20,1,2,4,50_75k,62500,2.41
189896,Male,grad,biological_mother,20,3,2,6,150_200k,175000,5.12
488291,Male,some_college,biological_mother,14,2,2,5,100_150k,125000,4.1
683764,Male,grad,biological_mother,20,2,2,5,50_75k,62500,2.05
266394,Female,grad,biological_mother,20,0,2,3,100_150k,125000,6.07
137012,Male,grad,biological_mother,20,0,2,3,150_200k,175000,8.5
417855,Female,grad,biological_mother,20,0,2,3,100_150k,125000,6.07
841279,Male,college,biological_mother,16,1,2,4,25_35k,30000,1.16
607764,Male,not_answered,biological_mother,NA,4,2,7,50_75k,62500,1.63
518139,Female,some_college,biological_mother,14,1,2,4,25_35k,30000,1.16
525955,Female,grad,biological_mother,20,1,2,4,100_150k,125000,4.82
110006,Male,NA,NA,NA,NA,NA,NA,NA,NA,NA
36831,Female,some_high,biological_mother,10,3,2,6,NA,NA,NA
421109,Male,grad,biological_mother,20,0,2,3,100_150k,125000,6.07
382287,Female,some_college,biological_mother,14,0,2,3,50_75k,62500,3.04
912823,Male,high,biological_mother,12,2,2,5,0_25k,12500,0.41
52977,Female,grad,biological_mother,20,0,2,3,150_200k,175000,8.5
106436,Female,high,biological_mother,12,0,2,3,50_75k,62500,3.04
197622,Female,some_college,biological_mother,14,0,2,3,50_75k,62500,3.04
158643,Male,grad,biological_mother,20,1,2,4,50_75k,62500,2.41
2081,Male,some_college,biological_mother,14,0,2,3,75_100k,87500,4.25
868724,Female,some_college,biological_mother,14,0,2,3,50_75k,62500,3.04
412584,Male,some_college,biological_mother,14,1,2,4,75_100k,87500,3.37
945369,Female,grad,biological_mother,20,0,2,3,100_150k,125000,6.07
354404,Female,grad,biological_mother,20,0,2,3,150_200k,175000,8.5
576112,Male,college,biological_mother,16,0,2,3,150_200k,175000,8.5
314462,Female,college,biological_mother,16,0,2,3,150_200k,175000,8.5
950202,Male,grad,biological_mother,20,0,2,3,NA,NA,NA
774004,Female,high,biological_mother,12,0,2,3,50_75k,62500,3.04
627915,Male,some_college,biological_mother,14,3,2,6,25_35k,30000,0.878
200474,Female,college,biological_mother,16,1,2,4,150_200k,175000,6.75
515697,Male,college,biological_mother,16,3,2,6,25_35k,30000,0.878
960758,Female,some_college,biological_mother,14,0,2,3,25_35k,30000,1.46
509659,Male,college,biological_mother,16,1,2,4,100_150k,125000,4.82
11228,Male,high,biological_mother,12,1,2,4,NA,NA,NA
216852,Male,grad,biological_mother,20,1,2,4,50_75k,62500,2.41
664313,Female,college,biological_mother,16,0,2,3,100_150k,125000,6.07
788132,Male,grad,biological_mother,20,0,2,3,50_75k,62500,3.04
931085,Male,grad,biological_mother,20,0,2,3,75_100k,87500,4.25
223244,Male,grad,biological_mother,20,1,2,4,over_200k,250000,9.64
505525,Female,grad,biological_mother,20,2,2,5,50_75k,62500,2.05
340476,Female,grad,biological_mother,20,0,2,3,100_150k,125000,6.07
732627,Male,grad,biological_mother,20,0,2,3,150_200k,175000,8.5
418793,Male,grad,biological_mother,20,0,2,3,0_25k,12500,0.607
148796,Female,college,biological_mother,16,0,2,3,50_75k,62500,3.04
556851,Female,grad,biological_mother,20,0,2,3,NA,NA,NA
911829,Male,grad,biological_mother,20,0,2,3,25_35k,30000,1.46
713347,Female,grad,biological_mother,20,1,2,4,100_150k,125000,4.82
151307,Female,college,biological_mother,16,0,2,3,100_150k,125000,6.07
51407,Female,grad,biological_mother,20,1,2,4,75_100k,87500,3.37
548074,Female,grad,biological_mother,20,1,2,4,over_200k,250000,9.64
62519,Female,college,biological_mother,16,2,2,5,150_200k,175000,5.74
999647,Female,grad,biological_mother,20,0,2,3,100_150k,125000,6.07
89476,Female,grad,biological_mother,20,0,2,3,100_150k,125000,6.07
146505,Male,some_college,biological_mother,14,1,2,4,75_100k,87500,3.37
523054,Female,grad,biological_mother,20,0,2,3,50_75k,62500,3.04
433089,Female,college,biological_mother,16,2,2,5,over_200k,250000,8.19
605985,Male,grad,biological_mother,20,2,2,5,100_150k,125000,4.1
244734,Female,some_college,biological_mother,14,1,2,4,35_50k,42500,1.64
793775,Female,grad,biological_mother,20,0,2,3,50_75k,62500,3.04
946858,Female,grad,biological_mother,20,1,2,4,100_150k,125000,4.82
764726,Female,grad,biological_mother,20,1,2,4,150_200k,175000,6.75
657965,Female,some_college,biological_mother,14,0,2,3,75_100k,87500,4.25
510127,Male,grad,biological_mother,20,2,2,5,100_150k,125000,4.1
779604,Female,grad,biological_mother,20,0,2,3,NA,NA,NA
393,Male,grad,biological_mother,20,0,2,3,100_150k,125000,6.07
269246,Female,grad,biological_mother,20,2,2,5,100_150k,125000,4.1
273929,Female,college,biological_mother,16,1,2,4,100_150k,125000,4.82
731890,Male,grad,biological_mother,20,0,2,3,over_200k,250000,12.1
800148,Female,some_college,biological_mother,14,3,2,6,0_25k,12500,0.366
536428,Female,grad,biological_mother,20,1,2,4,100_150k,125000,4.82
908754,Male,some_college,biological_mother,14,2,2,5,100_150k,125000,4.1
441668,Male,college,biological_mother,16,0,2,3,75_100k,87500,4.25
161437,Male,some_college,biological_mother,14,2,2,5,0_25k,12500,0.41
690434,Female,grad,biological_mother,20,1,2,4,150_200k,175000,6.75
283899,Female,college,biological_mother,16,1,2,4,over_200k,250000,9.64
580160,Male,NA,NA,NA,1,1,3,150_200k,175000,8.5
777598,Male,some_college,biological_mother,14,1,2,4,35_50k,42500,1.64
155416,Male,grad,biological_mother,20,2,2,5,50_75k,62500,2.05
564264,Male,grad,biological_mother,20,1,2,4,over_200k,250000,9.64
512716,Female,grad,biological_mother,20,0,2,3,150_200k,175000,8.5
761160,Female,grad,biological_mother,20,1,2,4,NA,NA,NA
734306,Female,grad,biological_mother,20,1,2,4,50_75k,62500,2.41
556817,Male,grad,biological_mother,20,1,2,4,over_200k,250000,9.64
930935,Female,grad,biological_mother,20,0,2,3,75_100k,87500,4.25
180850,Male,high,biological_mother,12,1,2,4,100_150k,125000,4.82
864276,Male,some_grad,biological_mother,18,1,2,4,100_150k,125000,4.82
373204,Female,some_grad,biological_mother,18,2,2,5,75_100k,87500,2.87
635881,Female,grad,biological_mother,20,0,2,3,100_150k,125000,6.07
377540,Male,grad,biological_mother,20,1,2,4,100_150k,125000,4.82
362270,Female,grad,biological_mother,20,0,2,3,150_200k,175000,8.5
883848,Male,grad,biological_mother,20,1,2,4,over_200k,250000,9.64
772026,Male,grad,biological_mother,20,1,2,4,150_200k,175000,6.75
654021,Female,college,biological_mother,16,1,2,4,100_150k,125000,4.82
321624,Female,college,biological_mother,16,0,2,3,150_200k,175000,8.5
685622,Male,grad,biological_mother,20,1,2,4,100_150k,125000,4.82
732813,Male,college,biological_mother,16,0,2,3,50_75k,62500,3.04
123422,Male,grad,biological_mother,20,0,2,3,150_200k,175000,8.5
907807,Male,grad,biological_mother,20,0,2,3,75_100k,87500,4.25
528142,Female,grad,biological_mother,20,1,2,4,100_150k,125000,4.82
106466,Male,grad,biological_mother,20,2,2,5,over_200k,250000,8.19
978059,Male,college,biological_mother,16,0,2,3,75_100k,87500,4.25
518647,Female,college,biological_mother,16,1,2,4,100_150k,125000,4.82
815515,Male,grad,biological_mother,20,1,2,4,75_100k,87500,3.37
292935,Female,college,biological_mother,16,2,2,5,over_200k,250000,8.19
749761,Male,grad,biological_mother,20,0,2,3,50_75k,62500,3.04
433098,Male,college,biological_mother,16,0,2,3,100_150k,125000,6.07
920461,Female,grad,biological_mother,20,2,2,5,75_100k,87500,2.87
168093,Male,grad,biological_mother,20,1,2,4,over_200k,250000,9.64
382900,Female,college,biological_mother,16,0,2,3,100_150k,125000,6.07
545826,Male,grad,biological_mother,20,0,2,3,75_100k,87500,4.25
211271,Female,grad,biological_mother,20,0,2,3,150_200k,175000,8.5
645267,Female,some_college,biological_mother,14,0,2,3,50_75k,62500,3.04
115357,Female,grad,biological_mother,20,2,2,5,35_50k,42500,1.39
125879,Male,grad,biological_mother,20,0,2,3,100_150k,125000,6.07
838638,Female,some_college,biological_mother,14,1,2,4,75_100k,87500,3.37
723156,Male,grad,biological_mother,20,0,2,3,over_200k,250000,12.1
380632,Male,college,biological_mother,16,0,2,3,100_150k,125000,6.07
211843,Male,college,biological_mother,16,0,2,3,50_75k,62500,3.04
877915,Male,some_grad,biological_mother,18,0,2,3,35_50k,42500,2.07
261028,Male,college,biological_mother,16,2,2,5,75_100k,87500,2.87
113887,Male,grad,biological_mother,20,1,2,4,100_150k,125000,4.82
743751,Male,some_college,biological_mother,14,0,2,3,75_100k,87500,4.25
782080,Male,some_grad,biological_mother,18,1,2,4,50_75k,62500,2.41
742225,Female,college,biological_mother,16,1,2,4,75_100k,87500,3.37
798043,Female,grad,biological_mother,20,2,2,5,over_200k,250000,8.19
134361,Female,grad,biological_mother,20,1,2,4,over_200k,250000,9.64
512336,Male,college,biological_mother,16,2,2,5,150_200k,175000,5.74
677740,Male,college,biological_mother,16,0,2,3,75_100k,87500,4.25
918287,Female,some_college,biological_mother,14,1,2,4,35_50k,42500,1.64
778074,Female,college,biological_mother,16,0,2,3,50_75k,62500,3.04
131236,Female,grad,biological_mother,20,0,2,3,100_150k,125000,6.07
183346,Female,grad,biological_mother,20,0,2,3,over_200k,250000,12.1
303559,Male,grad,biological_mother,20,0,2,3,150_200k,175000,8.5
846751,Male,some_grad,biological_mother,18,3,2,6,over_200k,250000,7.32
376281,Male,college,biological_mother,16,0,2,3,35_50k,42500,2.07
953321,Male,grad,biological_mother,20,1,2,4,over_200k,250000,9.64
279850,Male,grad,biological_mother,20,2,2,5,150_200k,175000,5.74
296743,Female,college,biological_mother,16,2,2,5,100_150k,125000,4.1
121414,Male,grad,biological_mother,20,0,2,3,100_150k,125000,6.07
562750,Female,college,biological_mother,16,1,2,4,100_150k,125000,4.82
742569,Female,some_grad,biological_mother,18,0,2,3,50_75k,62500,3.04
232686,Male,college,biological_mother,16,2,2,5,100_150k,125000,4.1
208018,Female,some_college,biological_mother,14,1,2,4,150_200k,175000,6.75
757927,Male,grad,biological_mother,20,1,2,4,75_100k,87500,3.37
258565,Female,college,biological_mother,16,0,2,3,50_75k,62500,3.04
946656,Male,college,biological_mother,16,2,2,5,75_100k,87500,2.87
481083,Male,grad,biological_mother,20,2,2,5,100_150k,125000,4.1
539198,Male,grad,biological_mother,20,0,2,3,100_150k,125000,6.07
158500,Female,grad,biological_mother,20,1,2,4,100_150k,125000,4.82
358999,Male,college,biological_mother,16,1,2,4,100_150k,125000,4.82
700226,Female,some_college,biological_mother,14,0,2,3,50_75k,62500,3.04
172387,Male,grad,biological_mother,20,0,2,3,over_200k,250000,12.1
102750,Male,grad,biological_mother,20,0,2,3,150_200k,175000,8.5
482306,Male,some_grad,biological_mother,18,1,2,4,75_100k,87500,3.37
814612,Male,some_college,biological_mother,14,1,2,4,75_100k,87500,3.37
800793,Female,grad,biological_mother,20,0,2,3,150_200k,175000,8.5
516668,Male,grad,biological_mother,20,1,2,4,100_150k,125000,4.82
326949,Female,college,biological_mother,16,0,2,3,100_150k,125000,6.07
478534,Female,college,biological_mother,16,1,2,4,75_100k,87500,3.37
434955,Male,college,biological_mother,16,1,2,4,75_100k,87500,3.37
105023,Male,grad,biological_mother,20,1,2,4,35_50k,42500,1.64
509770,Male,college,biological_mother,16,0,2,3,35_50k,42500,2.07
518301,Female,college,biological_mother,16,4,2,7,150_200k,175000,4.57
308582,Male,high,biological_mother,12,0,2,3,50_75k,62500,3.04
356522,Female,grad,biological_mother,20,2,2,5,75_100k,87500,2.87
794582,Male,some_grad,biological_mother,18,1,2,4,75_100k,87500,3.37
261903,Male,grad,biological_mother,20,0,2,3,150_200k,175000,8.5
536372,Male,college,biological_mother,16,0,2,3,75_100k,87500,4.25
991326,Female,college,biological_mother,16,1,2,4,75_100k,87500,3.37
283318,Female,grad,biological_mother,20,0,2,3,150_200k,175000,8.5
999123,Female,college,biological_mother,16,0,2,3,100_150k,125000,6.07
733896,Female,grad,biological_mother,20,0,2,3,150_200k,175000,8.5
416004,Female,grad,biological_mother,20,0,2,3,100_150k,125000,6.07
207142,Male,grad,biological_mother,20,0,2,3,150_200k,175000,8.5
491823,Female,grad,biological_mother,20,1,2,4,75_100k,87500,3.37
574570,Female,college,biological_mother,16,1,2,4,75_100k,87500,3.37
153798,Female,some_college,biological_mother,14,1,2,4,35_50k,42500,1.64
872906,Male,some_grad,biological_mother,18,0,2,3,50_75k,62500,3.04
113768,Female,college,biological_mother,16,1,2,4,75_100k,87500,3.37
212299,Male,college,biological_mother,16,1,2,4,75_100k,87500,3.37
231906,Female,some_college,biological_mother,14,1,2,4,50_75k,62500,2.41
713995,Male,college,biological_mother,16,0,2,3,75_100k,87500,4.25
284686,Male,college,biological_mother,16,2,2,5,75_100k,87500,2.87
234656,Male,grad,biological_mother,20,1,2,4,100_150k,125000,4.82
196302,Female,college,biological_mother,16,3,2,6,75_100k,87500,2.56
999299,Female,grad,biological_mother,20,0,2,3,over_200k,250000,12.1
935450,Female,college,biological_mother,16,1,2,4,100_150k,125000,4.82
612970,Male,college,biological_mother,16,1,2,4,100_150k,125000,4.82
326249,Male,some_grad,biological_mother,18,1,2,4,100_150k,125000,4.82
413984,Female,college,biological_mother,16,2,2,5,over_200k,250000,8.19
947925,Female,college,biological_mother,16,2,2,5,over_200k,250000,8.19
331272,Male,some_college,biological_mother,14,6,2,9,150_200k,175000,3.4
823755,Male,grad,biological_mother,20,0,2,3,150_200k,175000,8.5
466227,Female,grad,biological_mother,20,0,2,3,100_150k,125000,6.07
539855,Female,grad,biological_mother,20,0,2,3,150_200k,175000,8.5
180278,Female,college,biological_mother,16,1,2,4,150_200k,175000,6.75
260810,Male,college,biological_mother,16,0,2,3,100_150k,125000,6.07
701759,Male,college,biological_mother,16,0,2,3,75_100k,87500,4.25
616651,Female,college,biological_mother,16,3,2,6,over_200k,250000,7.32
252136,Female,college,biological_mother,16,1,2,4,over_200k,250000,9.64
885077,Male,college,biological_mother,16,0,2,3,over_200k,250000,12.1
615774,Male,college,biological_mother,16,1,2,4,100_150k,125000,4.82
886032,Female,grad,biological_mother,20,1,2,4,75_100k,87500,3.37
301082,Male,grad,biological_mother,20,1,2,4,over_200k,250000,9.64
722916,Female,grad,biological_mother,20,1,2,4,over_200k,250000,9.64
377856,Male,grad,biological_mother,20,0,2,3,over_200k,250000,12.1
775652,Female,college,biological_mother,16,0,2,3,100_150k,125000,6.07
776715,Male,grad,biological_mother,20,0,2,3,75_100k,87500,4.25
250763,Male,some_college,biological_mother,14,0,2,3,75_100k,87500,4.25
789420,Female,grad,biological_mother,20,2,2,5,100_150k,125000,4.1
889014,Male,college,biological_mother,16,0,2,3,75_100k,87500,4.25
382669,Female,college,biological_mother,16,0,2,3,75_100k,87500,4.25
503415,Female,college,biological_mother,16,2,2,5,100_150k,125000,4.1
173701,Male,college,biological_mother,16,1,2,4,75_100k,87500,3.37
517325,Male,grad,biological_mother,20,1,2,4,50_75k,62500,2.41
599717,Male,some_college,biological_mother,14,1,2,4,75_100k,87500,3.37
173001,Female,college,biological_mother,16,1,2,4,over_200k,250000,9.64
452775,Female,college,biological_mother,16,0,2,3,100_150k,125000,6.07
212687,Male,high,biological_mother,12,1,2,4,25_35k,30000,1.16
399250,Male,grad,biological_mother,20,0,2,3,over_200k,250000,12.1
766760,Female,college,biological_mother,16,0,2,3,150_200k,175000,8.5
160613,Male,grad,biological_mother,20,1,2,4,over_200k,250000,9.64
630523,Female,grad,biological_mother,20,1,2,4,100_150k,125000,4.82
590515,Male,grad,biological_mother,20,1,2,4,150_200k,175000,6.75
526841,Male,grad,biological_mother,20,2,2,5,150_200k,175000,5.74
170378,Female,college,biological_mother,16,1,2,4,150_200k,175000,6.75
670793,Female,college,biological_mother,16,0,2,3,100_150k,125000,6.07
687651,Male,college,biological_mother,16,1,2,4,50_75k,62500,2.41
772138,Female,grad,biological_mother,20,1,2,4,150_200k,175000,6.75
287444,Female,college,biological_mother,16,2,2,5,150_200k,175000,5.74
839788,Female,some_college,biological_mother,14,0,2,3,100_150k,125000,6.07
657216,Male,grad,biological_mother,20,1,2,4,150_200k,175000,6.75
803219,Male,grad,biological_mother,20,1,2,4,150_200k,175000,6.75
725821,Male,grad,biological_mother,20,1,2,4,100_150k,125000,4.82
858298,Male,grad,biological_mother,20,0,2,3,150_200k,175000,8.5
526136,Male,some_college,biological_mother,14,0,2,3,50_75k,62500,3.04
103677,Female,college,biological_mother,16,1,2,4,100_150k,125000,4.82
633950,Male,grad,biological_mother,20,2,2,5,over_200k,250000,8.19
302852,Male,college,biological_mother,16,1,2,4,75_100k,87500,3.37
254440,Female,grad,biological_mother,20,1,2,4,150_200k,175000,6.75
423370,Male,grad,biological_mother,20,1,2,4,150_200k,175000,6.75
191866,Female,some_college,biological_mother,14,2,2,5,75_100k,87500,2.87
537109,Male,college,biological_mother,16,1,2,4,50_75k,62500,2.41
826786,Male,grad,biological_mother,20,0,2,3,100_150k,125000,6.07
265568,Male,college,biological_mother,16,0,2,3,75_100k,87500,4.25
954435,Female,grad,biological_mother,20,1,2,4,100_150k,125000,4.82
426503,Female,college,biological_mother,16,1,2,4,over_200k,250000,9.64
338570,Female,college,biological_mother,16,3,2,6,100_150k,125000,3.66
407211,Male,college,biological_mother,16,1,2,4,35_50k,42500,1.64
539191,Male,grad,biological_mother,20,2,2,5,over_200k,250000,8.19
637821,Male,college,biological_mother,16,0,2,3,75_100k,87500,4.25
173971,Male,grad,biological_mother,20,1,2,4,100_150k,125000,4.82
599805,Male,college,biological_mother,16,0,2,3,50_75k,62500,3.04
268344,Male,grad,biological_mother,20,2,2,5,75_100k,87500,2.87
664487,Male,grad,biological_mother,20,1,2,4,75_100k,87500,3.37
126646,Male,college,biological_mother,16,0,2,3,50_75k,62500,3.04
338723,Female,some_college,biological_mother,14,0,2,3,over_200k,250000,12.1
714297,Male,college,biological_mother,16,2,2,5,100_150k,125000,4.1
522726,Female,some_college,biological_mother,14,2,2,5,100_150k,125000,4.1
554086,Male,some_grad,biological_mother,18,2,2,5,75_100k,87500,2.87
668078,Female,grad,biological_mother,20,2,2,5,50_75k,62500,2.05
325945,Female,college,biological_mother,16,2,2,5,75_100k,87500,2.87
279907,Male,some_college,biological_mother,14,1,2,4,0_25k,12500,0.482
526376,Male,some_grad,biological_mother,18,1,2,4,150_200k,175000,6.75
752082,Female,grad,biological_mother,20,1,2,4,over_200k,250000,9.64
283584,Female,grad,biological_mother,20,2,2,5,150_200k,175000,5.74
954934,Female,grad,biological_mother,20,0,2,3,0_25k,12500,0.607
438025,Female,college,biological_mother,16,1,2,4,75_100k,87500,3.37
483697,Male,grad,biological_mother,20,0,2,3,100_150k,125000,6.07
146801,Male,college,biological_mother,16,2,2,5,100_150k,125000,4.1
875135,Female,grad,biological_mother,20,2,2,5,100_150k,125000,4.1
310483,Female,college,biological_mother,16,2,2,5,150_200k,175000,5.74
312369,Male,grad,biological_mother,20,1,2,4,100_150k,125000,4.82
636987,Male,college,biological_mother,16,1,2,4,150_200k,175000,6.75
236782,Female,college,biological_mother,16,0,2,3,75_100k,87500,4.25
176178,Female,grad,biological_mother,20,1,2,4,100_150k,125000,4.82
188761,Male,college,biological_mother,16,1,2,4,50_75k,62500,2.41
310754,Female,grad,biological_mother,20,0,2,3,100_150k,125000,6.07
675983,Male,college,biological_mother,16,0,2,3,100_150k,125000,6.07
357106,Male,college,biological_mother,16,0,2,3,100_150k,125000,6.07
875242,Male,college,biological_mother,16,3,2,6,75_100k,87500,2.56
702630,Male,grad,biological_mother,20,0,2,3,over_200k,250000,12.1
595829,Male,college,biological_mother,16,0,2,3,50_75k,62500,3.04
210523,Female,college,biological_mother,16,1,2,4,150_200k,175000,6.75
416927,Male,some_college,biological_mother,14,2,2,5,150_200k,175000,5.74
606691,Female,some_college,biological_mother,14,0,2,3,50_75k,62500,3.04
633250,Male,college,biological_mother,16,0,2,3,150_200k,175000,8.5
871013,Female,grad,biological_mother,20,0,2,3,75_100k,87500,4.25
274769,Female,college,biological_mother,16,0,2,3,150_200k,175000,8.5
859195,Male,grad,biological_mother,20,0,2,3,75_100k,87500,4.25
150921,Female,grad,biological_mother,20,0,2,3,100_150k,125000,6.07
701145,Male,some_grad,biological_mother,18,0,2,3,50_75k,62500,3.04
611278,Female,high,biological_mother,12,0,2,3,50_75k,62500,3.04
334505,Male,college,biological_mother,16,0,2,3,100_150k,125000,6.07
761472,Male,grad,biological_mother,20,1,2,4,100_150k,125000,4.82
566212,Female,some_college,biological_mother,14,1,2,4,100_150k,125000,4.82
672531,Male,college,biological_mother,16,1,2,4,150_200k,175000,6.75
245169,Male,college,biological_mother,16,2,2,5,over_200k,250000,8.19
613013,Male,grad,biological_mother,20,2,2,5,over_200k,250000,8.19
547666,Male,college,biological_mother,16,0,2,3,75_100k,87500,4.25
455653,Female,college,biological_mother,16,1,2,4,100_150k,125000,4.82
825383,Male,some_college,biological_mother,14,0,2,3,100_150k,125000,6.07
377237,Male,college,biological_mother,16,1,2,4,35_50k,42500,1.64
992641,Female,college,biological_mother,16,1,2,4,100_150k,125000,4.82
376323,Male,grad,biological_mother,20,2,2,5,35_50k,42500,1.39
514020,Female,grad,biological_mother,20,1,2,4,50_75k,62500,2.41
168819,Male,grad,biological_mother,20,0,2,3,over_200k,250000,12.1
465085,Male,college,biological_mother,16,1,2,4,150_200k,175000,6.75
724774,Female,college,biological_mother,16,1,2,4,75_100k,87500,3.37
744803,Male,grad,biological_mother,20,0,2,3,150_200k,175000,8.5
722191,Female,grad,biological_mother,20,0,2,3,100_150k,125000,6.07
600017,Female,college,biological_mother,16,2,2,5,75_100k,87500,2.87
447433,Male,college,biological_mother,16,2,2,5,150_200k,175000,5.74
318020,Male,college,biological_mother,16,1,2,4,over_200k,250000,9.64
710540,Male,grad,biological_mother,20,2,2,5,150_200k,175000,5.74
764361,Male,grad,biological_mother,20,2,2,5,100_150k,125000,4.1
824712,Male,college,biological_mother,16,1,2,4,100_150k,125000,4.82
343790,Female,grad,biological_mother,20,0,2,3,150_200k,175000,8.5
635375,Female,grad,biological_mother,20,1,2,4,75_100k,87500,3.37
999481,Male,college,biological_mother,16,2,2,5,150_200k,175000,5.74
202986,Male,grad,biological_mother,20,1,2,4,100_150k,125000,4.82
686296,Female,grad,biological_mother,20,0,2,3,50_75k,62500,3.04
700627,Female,grad,biological_mother,20,1,2,4,100_150k,125000,4.82
755550,Female,grad,biological_mother,20,1,2,4,over_200k,250000,9.64
102419,Male,grad,biological_mother,20,0,2,3,75_100k,87500,4.25
987857,Female,grad,biological_mother,20,0,2,3,100_150k,125000,6.07
935371,Female,college,biological_mother,16,1,2,4,100_150k,125000,4.82
976737,Female,college,biological_mother,16,0,2,3,100_150k,125000,6.07
802216,Female,grad,biological_mother,20,0,2,3,150_200k,175000,8.5
507875,Female,college,biological_mother,16,0,2,3,100_150k,125000,6.07
508131,Female,college,biological_mother,16,0,2,3,100_150k,125000,6.07
642465,Male,grad,biological_mother,20,1,2,4,100_150k,125000,4.82
290444,Male,college,biological_mother,16,2,2,5,100_150k,125000,4.1
949129,Female,high,biological_mother,12,0,2,3,0_25k,12500,0.607
979552,Female,college,biological_mother,16,1,2,4,100_150k,125000,4.82
974081,Male,some_grad,biological_mother,18,0,2,3,100_150k,125000,6.07
536644,Male,college,biological_mother,16,1,2,4,over_200k,250000,9.64
619994,Female,college,biological_mother,16,1,2,4,100_150k,125000,4.82
459367,Female,college,biological_mother,16,3,2,6,75_100k,87500,2.56
527366,Female,college,biological_mother,16,1,2,4,150_200k,175000,6.75
418039,Female,grad,biological_mother,20,0,2,3,50_75k,62500,3.04
202600,Female,college,biological_mother,16,0,2,3,75_100k,87500,4.25
627678,Male,some_grad,biological_mother,18,2,2,5,50_75k,62500,2.05
256612,Female,some_college,biological_mother,14,0,2,3,50_75k,62500,3.04
760821,Male,college,biological_mother,16,1,2,4,100_150k,125000,4.82
210859,Female,grad,biological_mother,20,1,2,4,over_200k,250000,9.64
822007,Male,college,non_specified,16,2,2,5,100_150k,125000,4.1
556269,Female,college,biological_mother,16,2,2,5,75_100k,87500,2.87
230833,Male,grad,biological_mother,20,0,2,3,100_150k,125000,6.07
609360,Male,some_college,biological_mother,14,3,2,6,35_50k,42500,1.24
260313,Female,college,biological_mother,16,1,2,4,150_200k,175000,6.75
553387,Male,some_grad,biological_mother,18,0,2,3,100_150k,125000,6.07
364911,Female,college,biological_mother,16,0,2,3,100_150k,125000,6.07
262732,Male,grad,biological_mother,20,0,2,3,100_150k,125000,6.07
541245,Male,some_grad,biological_mother,18,1,2,4,100_150k,125000,4.82
300282,Male,grad,biological_mother,20,0,2,3,50_75k,62500,3.04
239470,Male,college,biological_mother,16,1,2,4,150_200k,175000,6.75
343462,Female,grad,biological_mother,20,1,2,4,over_200k,250000,9.64
708157,Female,college,biological_mother,16,1,2,4,100_150k,125000,4.82
647601,Female,grad,biological_mother,20,0,2,3,over_200k,250000,12.1
885927,Female,college,biological_mother,16,2,2,5,100_150k,125000,4.1
898602,Male,college,biological_mother,16,2,2,5,100_150k,125000,4.1
596730,Male,college,biological_mother,16,0,2,3,100_150k,125000,6.07
865480,Female,grad,biological_mother,20,0,2,3,150_200k,175000,8.5
872684,Female,grad,biological_mother,20,0,2,3,75_100k,87500,4.25
133374,Female,some_college,biological_mother,14,1,2,4,35_50k,42500,1.64
485474,Female,grad,biological_mother,20,1,2,4,over_200k,250000,9.64
332051,Male,grad,biological_mother,20,1,2,4,over_200k,250000,9.64
560741,Male,college,biological_mother,16,2,2,5,35_50k,42500,1.39
803514,Female,grad,biological_mother,20,2,2,5,over_200k,250000,8.19
434651,Female,grad,biological_mother,20,1,2,4,75_100k,87500,3.37
188419,Female,grad,biological_mother,20,1,2,4,150_200k,175000,6.75
960127,Female,college,biological_mother,16,0,2,3,50_75k,62500,3.04
195472,Female,grad,biological_mother,20,0,2,3,100_150k,125000,6.07
552571,Male,college,biological_mother,16,0,2,3,100_150k,125000,6.07
170986,Male,grad,biological_mother,20,0,2,3,100_150k,125000,6.07
338192,Male,grad,biological_mother,20,0,2,3,50_75k,62500,3.04
374578,Male,some_college,biological_mother,14,1,2,4,100_150k,125000,4.82
627255,Male,some_grad,biological_mother,18,0,2,3,75_100k,87500,4.25
469026,Female,some_grad,biological_mother,18,1,2,4,150_200k,175000,6.75
883939,Male,grad,biological_mother,20,0,2,3,150_200k,175000,8.5
787569,Male,some_college,biological_mother,14,1,2,4,75_100k,87500,3.37
922414,Male,grad,biological_mother,20,1,2,4,over_200k,250000,9.64
248850,Female,high,biological_mother,12,0,2,3,100_150k,125000,6.07
950301,Female,some_grad,biological_mother,18,0,2,3,50_75k,62500,3.04
463659,Male,college,biological_mother,16,1,2,4,150_200k,175000,6.75
449133,Male,grad,biological_mother,20,0,2,3,100_150k,125000,6.07
189771,Female,grad,biological_mother,20,1,2,4,over_200k,250000,9.64
707122,Female,some_college,biological_mother,14,0,2,3,75_100k,87500,4.25
157291,Female,college,biological_mother,16,0,2,3,100_150k,125000,6.07
737373,Male,college,biological_mother,16,0,2,3,150_200k,175000,8.5
593049,Male,grad,biological_mother,20,2,2,5,50_75k,62500,2.05
955893,Female,grad,biological_mother,20,0,2,3,50_75k,62500,3.04
334104,Male,grad,biological_mother,20,2,2,5,100_150k,125000,4.1
458530,Male,college,biological_mother,16,1,2,4,100_150k,125000,4.82
828577,Female,grad,biological_mother,20,1,2,4,over_200k,250000,9.64
367479,Female,grad,biological_mother,20,0,2,3,over_200k,250000,12.1
844005,Female,grad,biological_mother,20,0,2,3,100_150k,125000,6.07
160629,Male,grad,biological_mother,20,1,2,4,150_200k,175000,6.75
828220,Female,college,biological_mother,16,1,2,4,50_75k,62500,2.41
647519,Male,grad,biological_mother,20,1,2,4,100_150k,125000,4.82
495280,Female,college,biological_mother,16,0,2,3,100_150k,125000,6.07
916640,Male,college,biological_mother,16,1,2,4,100_150k,125000,4.82
607646,Male,some_grad,biological_mother,18,0,2,3,over_200k,250000,12.1
590753,Male,grad,biological_mother,20,1,2,4,100_150k,125000,4.82
469211,Female,college,biological_mother,16,1,2,4,100_150k,125000,4.82
678632,Female,college,biological_mother,16,0,2,3,75_100k,87500,4.25
828946,Female,grad,biological_mother,20,0,2,3,100_150k,125000,6.07
743790,Male,grad,biological_mother,20,1,2,4,over_200k,250000,9.64
305887,Male,college,biological_mother,16,1,2,4,100_150k,125000,4.82
297972,Female,some_grad,biological_mother,18,0,2,3,50_75k,62500,3.04
627729,Female,college,biological_mother,16,1,2,4,35_50k,42500,1.64
993456,Female,grad,biological_mother,20,0,2,3,over_200k,250000,12.1
220386,Female,college,biological_mother,16,0,2,3,150_200k,175000,8.5
776580,Female,grad,biological_mother,20,1,2,4,150_200k,175000,6.75
943758,Female,grad,biological_mother,20,1,2,4,150_200k,175000,6.75
584046,Female,college,biological_mother,16,0,2,3,35_50k,42500,2.07
225713,Female,college,biological_mother,16,0,2,3,75_100k,87500,4.25
133530,Male,college,biological_mother,16,2,2,5,100_150k,125000,4.1
291168,Female,grad,biological_mother,20,1,2,4,100_150k,125000,4.82
283004,Female,college,biological_mother,16,1,2,4,100_150k,125000,4.82
770904,Female,grad,biological_mother,20,1,2,4,100_150k,125000,4.82
784217,Female,some_college,biological_mother,14,1,2,4,50_75k,62500,2.41
238897,Female,some_grad,biological_mother,18,2,2,5,100_150k,125000,4.1
105008,Male,college,biological_mother,16,0,2,3,100_150k,125000,6.07
242748,Male,grad,biological_mother,20,3,2,6,100_150k,125000,3.66
967475,Female,college,biological_mother,16,1,2,4,150_200k,175000,6.75
372487,Female,some_college,biological_mother,14,0,2,3,35_50k,42500,2.07
986753,Female,grad,biological_mother,20,2,2,5,100_150k,125000,4.1
128104,Female,grad,biological_mother,20,1,2,4,100_150k,125000,4.82
200708,Male,grad,biological_mother,20,0,2,3,150_200k,175000,8.5
634272,Male,college,biological_mother,16,0,2,3,150_200k,175000,8.5
523385,Female,college,biological_mother,16,0,2,3,50_75k,62500,3.04
117349,Male,grad,biological_mother,20,0,2,3,over_200k,250000,12.1
241918,Female,some_grad,biological_mother,18,0,2,3,75_100k,87500,4.25
114138,Male,some_grad,biological_mother,18,0,2,3,100_150k,125000,6.07
486560,Female,college,biological_mother,16,0,2,3,75_100k,87500,4.25
820551,Male,college,biological_mother,16,0,2,3,150_200k,175000,8.5
843084,Male,grad,biological_mother,20,2,2,5,150_200k,175000,5.74
230351,Female,college,biological_mother,16,0,2,3,100_150k,125000,6.07
126438,Male,grad,biological_mother,20,1,2,4,100_150k,125000,4.82
141057,Female,grad,biological_mother,20,2,2,5,150_200k,175000,5.74
758080,Female,grad,biological_mother,20,0,2,3,100_150k,125000,6.07
119895,Female,college,biological_mother,16,4,2,7,75_100k,87500,2.29
261443,Male,grad,biological_mother,20,1,2,4,150_200k,175000,6.75
534660,Male,college,biological_mother,16,1,2,4,75_100k,87500,3.37
963654,Female,college,biological_mother,16,1,2,4,150_200k,175000,6.75
745489,Male,some_college,biological_mother,14,1,2,4,50_75k,62500,2.41
660373,Male,college,biological_mother,16,1,2,4,150_200k,175000,6.75
843378,Male,college,biological_mother,16,0,2,3,150_200k,175000,8.5
768089,Male,college,biological_mother,16,0,2,3,150_200k,175000,8.5
720875,Male,grad,biological_mother,20,1,2,4,75_100k,87500,3.37
982276,Male,college,biological_mother,16,3,2,6,100_150k,125000,3.66
773097,Male,grad,biological_mother,20,1,2,4,150_200k,175000,6.75
863623,Male,college,biological_mother,16,0,2,3,over_200k,250000,12.1
949751,Female,college,biological_mother,16,1,2,4,75_100k,87500,3.37
145585,Male,college,biological_mother,16,3,2,6,50_75k,62500,1.83
850376,Male,college,biological_mother,16,0,2,3,over_200k,250000,12.1
977856,Female,some_college,biological_mother,14,0,2,3,50_75k,62500,3.04
246294,Male,college,biological_mother,16,0,2,3,100_150k,125000,6.07
484649,Male,some_grad,biological_mother,18,2,2,5,100_150k,125000,4.1
501242,Male,some_grad,biological_mother,18,1,2,4,50_75k,62500,2.41
263643,Female,grad,biological_mother,20,0,2,3,over_200k,250000,12.1
515381,Female,some_college,biological_mother,14,1,2,4,75_100k,87500,3.37
650204,Female,some_college,biological_mother,14,1,2,4,50_75k,62500,2.41
447118,Female,college,biological_mother,16,1,2,4,35_50k,42500,1.64
358466,Female,college,biological_mother,16,1,2,4,over_200k,250000,9.64
780555,Male,college,biological_mother,16,0,2,3,150_200k,175000,8.5
473557,Female,grad,biological_mother,20,2,2,5,100_150k,125000,4.1
399523,Female,college,biological_mother,16,0,2,3,25_35k,30000,1.46
538635,Female,grad,biological_mother,20,1,2,4,over_200k,250000,9.64
493453,Male,college,biological_mother,16,2,2,5,100_150k,125000,4.1
560966,Female,college,biological_mother,16,0,2,3,over_200k,250000,12.1
973296,Female,grad,biological_mother,20,0,2,3,50_75k,62500,3.04
457107,Male,college,biological_mother,16,1,2,4,35_50k,42500,1.64
306456,Female,college,biological_mother,16,0,2,3,100_150k,125000,6.07
633670,Male,grad,biological_mother,20,0,2,3,150_200k,175000,8.5
454292,Male,college,biological_mother,16,2,2,5,50_75k,62500,2.05
243113,Female,grad,biological_mother,20,2,2,5,100_150k,125000,4.1
477048,Male,college,biological_mother,16,0,2,3,75_100k,87500,4.25
222381,Male,grad,biological_mother,20,0,2,3,100_150k,125000,6.07
459324,Female,grad,biological_mother,20,3,2,6,150_200k,175000,5.12
895479,Male,grad,biological_mother,20,0,2,3,over_200k,250000,12.1
727612,Male,college,biological_mother,16,2,2,5,75_100k,87500,2.87
409076,Female,grad,biological_mother,20,1,2,4,75_100k,87500,3.37
941064,Male,grad,biological_mother,20,0,2,3,50_75k,62500,3.04
577989,Male,some_grad,biological_mother,18,1,2,4,100_150k,125000,4.82
386932,Female,college,biological_mother,16,0,2,3,100_150k,125000,6.07
187359,Female,college,biological_mother,16,0,2,3,100_150k,125000,6.07
962638,Male,college,biological_mother,16,2,2,5,100_150k,125000,4.1
788175,Female,grad,biological_mother,20,0,2,3,over_200k,250000,12.1
351002,Female,college,biological_mother,16,2,2,5,75_100k,87500,2.87
589206,Male,college,biological_mother,16,0,2,3,100_150k,125000,6.07
936324,Female,college,biological_mother,16,2,2,5,100_150k,125000,4.1
562022,Male,high,biological_mother,12,0,2,3,50_75k,62500,3.04
681762,Male,college,biological_mother,16,0,2,3,75_100k,87500,4.25
409882,Male,grad,biological_mother,20,2,2,5,100_150k,125000,4.1
861545,Male,grad,biological_mother,20,0,2,3,50_75k,62500,3.04
220398,Male,grad,biological_mother,20,1,2,4,75_100k,87500,3.37
803336,Female,grad,biological_mother,20,2,2,5,150_200k,175000,5.74
422512,Male,grad,biological_mother,20,0,2,3,over_200k,250000,12.1
193694,Female,college,biological_mother,16,2,2,5,over_200k,250000,8.19
260443,Male,grad,biological_mother,20,0,2,3,100_150k,125000,6.07
628968,Female,college,biological_mother,16,0,2,3,100_150k,125000,6.07
727365,Male,some_college,biological_mother,14,0,2,3,50_75k,62500,3.04
614736,Female,college,biological_mother,16,0,2,3,100_150k,125000,6.07
772081,Male,some_college,biological_mother,14,1,2,4,100_150k,125000,4.82
204413,Male,some_college,biological_mother,14,0,2,3,100_150k,125000,6.07
737118,Female,college,biological_mother,16,1,2,4,75_100k,87500,3.37
636070,Female,grad,biological_mother,20,1,2,4,100_150k,125000,4.82
563738,Male,college,biological_mother,16,4,2,7,150_200k,175000,4.57
632597,Female,some_grad,biological_mother,18,1,2,4,150_200k,175000,6.75
363683,Male,college,biological_mother,16,1,2,4,50_75k,62500,2.41
872814,Female,college,biological_mother,16,0,2,3,75_100k,87500,4.25
573662,Female,grad,biological_mother,20,0,2,3,75_100k,87500,4.25
841672,Female,some_grad,biological_mother,18,0,2,3,100_150k,125000,6.07
259747,Female,grad,biological_mother,20,1,2,4,over_200k,250000,9.64
661021,Female,grad,biological_mother,20,1,2,4,100_150k,125000,4.82
804310,Male,grad,biological_mother,20,2,2,5,150_200k,175000,5.74
947922,Female,college,biological_mother,16,1,2,4,50_75k,62500,2.41
912024,Female,grad,biological_mother,20,0,2,3,over_200k,250000,12.1
393516,Female,grad,biological_mother,20,1,2,4,over_200k,250000,9.64
251478,Female,grad,biological_mother,20,0,2,3,75_100k,87500,4.25
813231,Male,college,biological_mother,16,2,2,5,100_150k,125000,4.1
329841,Female,high,biological_mother,12,1,2,4,50_75k,62500,2.41
713501,Female,grad,biological_mother,20,2,2,5,50_75k,62500,2.05
494993,Female,grad,biological_mother,20,0,2,3,150_200k,175000,8.5
639724,Male,some_college,biological_mother,14,0,2,3,0_25k,12500,0.607
575046,Male,grad,biological_mother,20,1,2,4,75_100k,87500,3.37
615391,Female,grad,biological_mother,20,0,2,3,over_200k,250000,12.1
443060,Male,college,biological_mother,16,0,2,3,150_200k,175000,8.5
897558,Male,college,biological_mother,16,1,2,4,150_200k,175000,6.75
709086,Male,grad,biological_mother,20,2,2,5,100_150k,125000,4.1
603504,Female,grad,biological_mother,20,0,2,3,100_150k,125000,6.07
526527,Male,college,biological_father,16,0,2,3,100_150k,125000,6.07
436451,Female,grad,biological_mother,20,0,2,3,75_100k,87500,4.25
218241,Male,grad,biological_mother,20,0,2,3,50_75k,62500,3.04
298609,Female,college,biological_mother,16,0,2,3,75_100k,87500,4.25
540865,Male,college,biological_mother,16,2,2,5,100_150k,125000,4.1
855359,Male,grad,biological_mother,20,1,2,4,100_150k,125000,4.82
834680,Male,some_college,biological_mother,14,0,2,3,25_35k,30000,1.46
104603,Female,some_college,biological_mother,14,1,2,4,75_100k,87500,3.37
487957,Male,some_college,biological_mother,14,2,2,5,50_75k,62500,2.05
198363,Male,college,biological_mother,16,1,2,4,75_100k,87500,3.37
877418,Female,grad,biological_mother,20,1,2,4,150_200k,175000,6.75
961619,Male,grad,biological_mother,20,1,2,4,75_100k,87500,3.37
940035,Male,some_college,biological_mother,14,3,2,6,25_35k,30000,0.878
137166,Female,grad,biological_mother,20,0,2,3,over_200k,250000,12.1
622641,Female,college,biological_mother,16,1,2,4,150_200k,175000,6.75
744346,Female,college,biological_mother,16,0,2,3,100_150k,125000,6.07
466134,Female,grad,biological_mother,20,1,2,4,50_75k,62500,2.41
218400,Male,grad,biological_mother,20,1,2,4,100_150k,125000,4.82
914640,Male,grad,biological_mother,20,0,2,3,over_200k,250000,12.1
838989,Male,college,biological_mother,16,0,2,3,50_75k,62500,3.04
802677,Male,grad,biological_mother,20,1,2,4,100_150k,125000,4.82
871943,Male,some_grad,biological_mother,18,1,2,4,50_75k,62500,2.41
105040,Female,grad,non_specified,20,1,2,4,NA,NA,NA
464151,Female,grad,biological_mother,20,1,2,4,100_150k,125000,4.82
242720,Male,grad,biological_mother,20,1,2,4,100_150k,125000,4.82
